Employee name,Due for Promotion ,Department
Adelaide L Harrop,Yes,Research & Development
Aiko Blossom,Yes,Research & Development
Alexis Q Grose,Yes,Sales
Aliza X Sammons,Yes,Research & Development
America V Lobel,Yes,Sales
Amiee Z Chaffins,Yes,Human Resources
Andrew Detweiler,Yes,Research & Development
Brendon E Mone,Yes,Sales
Buck H Rancourt,Yes,Research & Development
Candelaria Zajicek,Yes,Sales
Carlotta T Ryles,Yes,Research & Development
Carmelia E Bergeron,Yes,Sales
Carolin T Loya,Yes,Sales
Carolynn V Moynihan,Yes,Research & Development
Cecily D Houser,Yes,Sales
Celine Baskin,Yes,Sales
Christie Rodger,Yes,Research & Development
Clemente S Wiechmann,Yes,Research & Development
Deanna P Scoggin,Yes,Sales
Detra D Rymer,Yes,Sales
Devin Hales,Yes,Research & Development
Dulce E Grizzard,Yes,Sales
Edmund Mcclung,Yes,Sales
Elsy B Latta,Yes,Research & Development
Fernando S Korhonen,Yes,Sales
Garnett Dryer,Yes,Research & Development
Garrett S Nolette,Yes,Sales
Inocencia Z Buteau,Yes,Research & Development
Jamaal Z Resto,Yes,Research & Development
Jamel Meaney,Yes,Research & Development
Janie P Caswell,Yes,Research & Development
Jayson S Carrol,Yes,Sales
Jeff E Lucero,Yes,Research & Development
Jeneva Y Bybee,Yes,Research & Development
Jerlene P Dunnigan,Yes,Research & Development
Jolanda Dewees,Yes,Research & Development
Jon Arvizu,Yes,Research & Development
Jon Behler,Yes,Sales
Jordan Phu,Yes,Research & Development
Julius Q Stock,Yes,Research & Development
Kaye Tubbs,Yes,Sales
Keira Y Till,Yes,Research & Development
Ken X Weisberg,Yes,Human Resources
Kendrick C Burchette,Yes,Research & Development
Kenton Q Villalta,Yes,Research & Development
Kylie K Freda,Yes,Research & Development
Larry K Mash,Yes,Sales
Laurena P Caston,Yes,Research & Development
Loren H Mckenzie,Yes,Research & Development
Mack L Lykes,Yes,Sales
Mauricio I Streets,Yes,Research & Development
Maximina K Frates,Yes,Research & Development
Narcisa C Rayburn,Yes,Research & Development
Nettie T Mccandless,Yes,Research & Development
Patria D Riedel,Yes,Research & Development
Reinaldo G Castellanos,Yes,Research & Development
Renaldo K Cheatham,Yes,Sales
Scott D Torrey,Yes,Research & Development
Sheryll X Broadbent,Yes,Research & Development
Stephan Q Ranger,Yes,Research & Development
Stewart Mazurek,Yes,Sales
Susana H Hooks,Yes,Research & Development
Taneka Q Church,Yes,Research & Development
Taylor Thill,Yes,Sales
Therese Q Belden,Yes,Research & Development
Tiny Q Llanos,Yes,Sales
Toney W Bollman,Yes,Research & Development
Toya B Rawlins,Yes,Research & Development
Valene Z Woodmansee,Yes,Research & Development
Vaughn Garica,Yes,Research & Development
Vernell X Amado,Yes,Research & Development
Walton S Keim,Yes,Research & Development
